Case ID,Ground Truth Diagnosis,Predicted Diagnosis,Failure Stage,Root Cause Category,Key Evidence Present,Patterns Triggered,Top Pattern Confidence Score,Why Failed
BLND-006,DEMAND_FORECASTING_MISMATCH,TRUST_QUALITY_CRISIS,EvidenceSynthesisEngine scoreHypothesis,PATTERN_CREATED_WRONG_TYPE,"Growth 25%→15%, churn 4%→5%, NPS 48 stable, repeat 72%, ops efficient","P3 (Quality Crisis), P5 (GTM), P6 (Market Saturation)",Quality pattern ~34,"Pattern 3 fires on quality+retention dimensions regardless of evidence semantics; churn driven by market saturation, not quality"
BLND-008,INSUFFICIENT_EVIDENCE,GO_TO_MARKET_MISALIGNMENT,EvidenceSynthesisEngine scoreHypothesis,CORRECT_DIAGNOSIS_NOT_GENERATED,"ARR +35%, NRR 112%, offer structure unfinalized, cash/stock/earn-out unknown, standalone forecast unverified",P5 (GTM Issues),GTM ~33,"Case has ambiguous evidence (unfinalized offer structure); engine generates specific diagnosis instead of INSUFFICIENT_EVIDENCE"
BLND-009,OPERATIONAL_BOTTLENECK,BRAND_EROSION,EvidenceSynthesisEngine scoreHypothesis,PATTERN_CREATED_WRONG_TYPE,"Key person dependency (founder+2-3 leaders), no internal successor, 7-month backlog, customer concentration 38%, aftermarket 30%","P3 (Quality Crisis, no clear match)",Brand pattern ~10,"Pattern fires on wrong dimensions; evidence is about human capacity bottleneck, labeled with financial/quality/market dimensions instead of team_capability/operational_efficiency"
BLND-010,STRATEGIC_PRICING_ERROR,GO_TO_MARKET_MISALIGNMENT,EvidenceSynthesisEngine scoreHypothesis,CORRECT_DIAGNOSIS_NOT_GENERATED,"Growth 18%→6%, flat rates 2 years, niche 50% win rate vs 32% overall, depth-driven losses 35% > price losses 20%, managed services option untested","P1 (Unit Economics), P5 (GTM)",GTM ~40,"Correct diagnosis (STRATEGIC_PRICING_ERROR) may not be generated due to missing specific keywords; GTM pattern fires on broader market+retention match"
ADV-011,INSUFFICIENT_EVIDENCE,UNIT_ECONOMICS_BREAKDOWN,EvidenceSynthesisEngine scoreHypothesis,PATTERN_CREATED_WRONG_TYPE,"Profit 31% down on flat revenue, utilization 70%→55%, attributed to 'weak manufacturing economy' (unvalidated), partner departures 2 in 18mo, client concentration 45%",P1 (Unit Economics),Unit Econ ~50,"Case provides symptoms (profit down, utilization down) without root cause validation; should return INSUFFICIENT_EVIDENCE for ambiguous cause, not UNIT_ECONOMICS_BREAKDOWN"
ADV-012,TRUST_QUALITY_CRISIS,CUSTOMER_RETENTION_EROSION,scoreHypothesis ranking,CORRECT_DIAGNOSIS_GENERATED_BUT_LOST_RANKING,"Churn 2%→4% (doubled), NRR 96%, no activation/engagement data, low-switching-cost category (Slack/Teams), no win/loss analysis","P3 (Quality Crisis), P5 (GTM)","Quality crisis ~45, Retention ~50","Both diagnoses generated; CUSTOMER_RETENTION_EROSION wins due to stronger keyword match for 'churn rising'; TRUST_QUALITY_CRISIS is causal mechanism (low adoption/quality onboarding failure)"
ADV-013,INSUFFICIENT_EVIDENCE,UNIT_ECONOMICS_BREAKDOWN,EvidenceSynthesisEngine scoreHypothesis,CORRECT_DIAGNOSIS_NOT_GENERATED,"CAC payback cohort deterioration 7mo→13mo→18mo (2.5x), blended metrics strong (CAC 10mo, LTV:CAC 4.1), sales mix shifted outbound (+35% CAC), CAC bridge not built, NRR/retention not split by cohort",P1 (Unit Economics),Unit Econ ~26,"Aggregation illusion: headline metrics hide cohort deterioration; root cause undiagnosed (could be CAC inflation, LTV decline, market sat); should return INSUFFICIENT_EVIDENCE"
ADV-014,INSUFFICIENT_EVIDENCE,OPERATIONAL_BOTTLENECK,EvidenceSynthesisEngine scoreHypothesis,PATTERN_CREATED_WRONG_TYPE,"Flat revenue $14.8M→$15.0M, margin halving 16%→11%→8%, utilization 74%→68% (blended, never segmented), attributed to 'fewer projects' (unvalidated), client mix shifted mid-market +25%","P1 (Unit Econ, possibly)",Demand ~30,"Evidence attributes decline to 'weak market' without validation; win rates, CRM pipeline, per-segment profitability not checked; should return INSUFFICIENT_EVIDENCE"
RW-016,GO_TO_MARKET_MISALIGNMENT,UNIT_ECONOMICS_BREAKDOWN,EvidenceSynthesisEngine scoreHypothesis,INCORRECT_PATTERN_TOO_STRONG,"Gross margin 42%→38% (-400bps), EBITDA 9.1%→6.2% (-290bps), flat revenue $183M→$185M, traffic down 12%, AOV down 4.9%, 3 DTC entrants 15-20% price advantage, pricing perception 3.6→3.1, quality stable 4.2","P1 (Unit Economics), P5 (GTM)","Unit Econ ~50, GTM ~40","Both patterns fire; Unit Economics (P1, boost 1.3) scores higher than GTM (P5, boost 1.2); evidence is competitive price pressure (GTM positioning issue), not cost structure breakdown"
RW-022,UNIT_ECONOMICS_BREAKDOWN,DEMAND_FORECASTING_MISMATCH,EvidenceSynthesisEngine scoreHypothesis,INCORRECT_PATTERN_TOO_STRONG,"Growth 25%→15% YoY, EBITDA margin 18%→15%, revenue/recruiter down 12% ($340k→$300k), utilization 82%→78%, turnover 12%→20%, salaries +18%, tech hiring 45% (healthy 18% growth), fintech 40% (macro 8% growth)","P1 (Unit Econ), P6 (Market Saturation)",Market pattern ~50,"Growth deceleration triggers Pattern 6 (market saturation), but root cause is CAC/LTV (cost per recruiter rising, output per recruiter declining); Pattern 6 scores higher due to growth signal"
RW-024,OPERATIONAL_BOTTLENECK,BRAND_EROSION,EvidenceSynthesisEngine scoreHypothesis,PATTERN_CREATED_WRONG_TYPE,"Junior turnover 10%→18%, exits to Big Four, partnership narrow (2 of 10 reach partner), EBITDA 15%→12.2%, revenue growth 8% YoY, revenue/employee $300k vs peer $320k, top 3 clients 32%",None,Brand ~10,"Case involves human capacity bottleneck; evidence labeled talent_retention but Pattern 4 needs team_capability+operational_efficiency; wrong pattern fires due to dimension mismatch"
PD-019,UNIT_ECONOMICS_BREAKDOWN,DEMAND_FORECASTING_MISMATCH,EvidenceSynthesisEngine scoreHypothesis,INCORRECT_PATTERN_TOO_STRONG,"EBITDA margin 11%→8% (300bps), operating ratio 91%→94% (covenant risk), revenue flat $792M→$800M, fuel cost/mile +15% to $0.40, driver wages +12% to $0.62, volumes stable 500M miles, revenue/mile fell 3.6% to $1.60","P1 (Unit Econ), P6 (Market Saturation)",Market pattern ~50,"Unit cost (fuel+labor per mile) rose $0.118/mile = $59M cost on 500M miles; revenue/mile fell (market softness); Pattern 6 (growth deceleration) scores higher than Pattern 1 (unit econ), despite root cause being cost-driven"
SYN-013,CUSTOMER_RETENTION_EROSION,GO_TO_MARKET_MISALIGNMENT,EvidenceSynthesisEngine scoreHypothesis,PATTERN_CREATED_WRONG_TYPE,"Churn 2%→4% (quarterly, doubled), NRR 108%→101%, exit: 'didn't get value' 55%, 'switched to bundle' 23%, 'price' 14%, adoption 88% recruit/41% onboard/19% perf (avg 1.4 of 3), time-to-first-value 47d vs 21d target, QBR 38%, CSM 80:1 (vs 40-50 healthy), new-win 24% (stable), sales cycle 70d (stable)","P3 (Quality/Adoption), possibly P5 (GTM)","GTM ~33","Case is retention lifecycle crisis (low adoption → high churn); Pattern 5 (market+retention) fires on dimension match; GTM pattern wins despite evidence pointing to product adoption/CS issues"
